Date,WTI CRUDE,NATURAL GAS,GOLD,CORN,WHEAT,SOYBEANS,COPPER,SILVER,ShockRegime
2000-01-31,0.07862668224975541,0.2015893909792234,-0.0017639799952408998,0.09156719352549081,0.034742948443873406,0.1068927475434584,0.0017673053200839995,-0.010849339491525098,0
2000-02-29,0.0961649650094106,0.036515212975097196,0.0381064463477731,-0.0229895182246995,-0.0367651938246405,-0.0133764689577032,-0.0764196926945834,-0.051917109283289194,0
2000-03-31,-0.1233026773010864,0.0645158841555326,-0.055200879707072395,0.09319377689794771,0.059909910648428696,0.08459782665234551,0.022614029001160003,-0.0005944714333401997,0
2000-04-30,-0.044080084439812595,0.06443240345295949,-0.0133793353590365,-0.053302447870645704,-0.0793279965055306,-0.035451473699095196,-0.018809331957496005,-0.016991913068736004,0
2000-05-31,0.1195943959653319,0.3270129845142038,-0.010981076668925399,0.005571045049455103,0.1258913425128546,-0.01724180643450579,0.0305414825810327,0.0010075567602996984,0
2000-06-30,0.1135994912023785,0.027175585378964508,0.0703414893582443,-0.1823215567939549,-0.057104890677787304,-0.08044536521873849,0.0012269940189685025,0.013602930297086998,0
2000-07-31,-0.1696027843861796,-0.1705943435033201,-0.0517447820470314,-0.03943406924540681,-0.052409422553744894,-0.0682452079007204,0.06985087239758771,0.0009929501361954961,0
2000-08-31,0.1885000245675466,0.2367234220897743,0.010064786616140098,0.019231361927887297,0.018109146789846688,0.1037336324626112,0.011935350549272899,-0.0069714454243505995,0
2000-09-30,-0.07132478082193042,0.0811038180803393,-0.021692824611259397,0.0734274685548176,0.0552733991441767,-0.008627305477257695,0.0393293556652027,-0.011054277975826504,0
2000-10-31,0.05856252920807908,-0.1441099853623093,-0.026668247082160396,0.040872562141817996,-0.0394471538833877,-0.0647424155209867,-0.0814469159988514,-0.0349614056266236,0
2000-11-30,0.03367726556722621,0.38354889017751936,0.0137933221323356,0.0132611949413839,0.004894772376728303,0.0958538058030347,-0.008878424701332996,-0.022006812786951,0
2000-12-31,-0.2326504559536231,0.3944265139397467,0.012874924949825199,0.1045218407149988,0.08782484811559141,-0.012929071198857197,0.0023752980289070942,-0.0083790370988479,0
2001-01-31,0.06710053488321438,-0.5381346143168585,-0.0296757681461162,-0.103324952481153,-0.023530497410194202,-0.0834686562928666,0.0029612103367791997,0.0380998462322704,0
2001-02-28,-0.0453244391250385,-0.0861356435069174,0.0082490156547942,0.025975486403260802,-0.02974196919873741,-0.013143672240549898,-0.04289392067215039,-0.0739003093972905,0
2001-03-31,-0.04098934453319691,-0.04113239410251399,-0.037668520369774,-0.053872989940151196,-0.0384662808277962,-0.056704531517357,-0.05846645849996379,-0.040384180416579804,0
2001-04-30,0.0793109539199161,-0.067927341284913,0.0248911950902325,-0.019876430757595702,0.0672920795547539,0.0133296670833794,0.0032669091453482995,0.0058038468198003,0
2001-05-31,-0.0031673438409463898,-0.1819382436863413,0.003398153166163395,-0.033166305226885004,-0.021306966312929894,0.03784693438146441,-0.0118111609283446,0.020619287202735606,0
2001-06-30,-0.0776662597831272,-0.2344489132464035,0.022363958521192197,-0.020970624314305103,-0.0788729800866581,0.0675135812763618,-0.07253520604478911,-0.0271218646903023,0
2001-07-31,0.003802285949739099,0.06259865631974411,-0.018977313703874902,0.1475061371085896,0.1210423810537476,0.06080747617344931,-0.0317258042796202,-0.015023756760461304,0
2001-08-31,0.031748698314579694,-0.3256091243638413,0.03288676196951701,0.0011422045787767982,-0.0017969456767022024,-0.0670445026289972,-0.0058780477841906004,-0.015733340036548596,0
2001-09-30,-0.1491997207822471,-0.058840500022933194,0.0609880599450941,-0.020761991448429006,-0.02642522780953689,-0.060722384676402605,-0.0398399173482706,0.1162334347692075,0
2001-10-31,-0.1009599123464437,0.3829314823007528,-0.041549002912871905,-0.0428637044317817,0.0798296016524853,-0.0517307716092556,-0.0422929121902513,-0.1012099019315132,0
2001-11-30,-0.08572454114096739,-0.1975693951507241,-0.0238106486937192,0.014493007302566398,-0.040893039953839805,0.0366593169161248,0.1442734891564244,-0.0232262326298752,0
2001-12-31,0.0203673028244339,-0.04971617590335009,0.018448705552333397,0.002395210725954701,0.026294240532687398,-0.0543172212715778,-0.0913016043903187,0.1056511710878622,0
2002-01-31,-0.018311803642337907,-0.1840350863042748,0.011049836186585697,-0.014458083175229302,-0.010434877292580198,0.0217336014092674,0.1071040630805293,-0.0828984233153175,0
2002-02-28,0.1097655834786741,0.09751881135114061,0.0518071644606106,-0.0270619220429576,-0.0678072609146978,0.012702249308481399,-0.026944635243452194,0.0628647318367635,0
2002-03-31,0.1907952133591378,0.3313680145654611,0.0183430188856938,0.009925639799970402,0.0643046303634961,0.0888742420407808,0.0670301623191026,0.0334567118106945,0
2002-04-30,0.036571239668045305,0.1449267723281375,0.021576515359011797,-0.0454623740767574,-0.0850993305180041,-0.0298370561736769,-0.0414497837674642,-0.0257038764335054,0
2002-05-31,-0.0753207601632141,-0.1652351625907033,0.0544416320032177,0.1006985025520144,0.0754033532791257,0.0958508664895712,0.0421044482752978,0.1066394855999678,0
2002-06-30,0.0594386165380589,0.00866610189916409,-0.0393554848685779,0.052344143920882095,0.0840545445574251,0.053109825313947895,0.0045706902948316995,-0.042335435902780695,0
2002-07-31,0.0059391414369610075,-0.09395516604686499,-0.0346818100796912,0.0920798115600885,0.08429324538950381,0.056174187284804895,-0.1195761733118393,-0.049845966521957205,0
2002-08-31,0.0700286043604831,0.10954942793803661,0.031171354902939298,0.04835673210312141,0.0811935882240901,-0.015091276200458793,0.0087719860728367,-0.03564295394421729,0
2002-09-30,0.049480057263369494,0.2275029672761256,0.0348708175061271,-0.0313137130661491,0.09034145987411059,-0.023988477725045497,-0.0310446216819597,0.024709103491517302,0
2002-10-31,-0.11213399693258541,0.004340493913629784,-0.0171263722070554,-0.016032407531048697,0.014397744797590897,0.0351071157280254,0.0737861700592312,-0.009499684827988197,0
2002-11-30,-0.01219752694254661,0.010531452052341895,-0.005037794029956705,-0.029730534158343005,-0.0754953662286765,0.023602494242364398,0.044330476943031896,-0.0204065832257562,0
2002-12-31,0.1486636245346627,0.1312370960711495,0.094506367393817,-0.018908126336834804,-0.1377532373140782,-0.016111822513207204,-0.0647609163347511,0.08633149027788731,0
2003-01-31,0.07142580693378231,0.1573374351636507,0.0561207961169313,0.0105486210207448,-0.013942905969012698,-0.009704531389177193,0.12306758476886939,0.009925639799969896,0
2003-02-28,0.0882043386581011,0.3683284543242309,-0.0501078932475786,-0.027661338088347698,-0.0252778071842679,0.0227880150100404,-0.024849956623423503,-0.0582483322039748,0
2003-03-31,-0.16477154509230238,-0.4706210275489797,-0.04197643358519439,0.0202890034860242,-0.0859937131669762,-0.0043421692192895985,-0.0812800319834247,-0.0265208913799657,0
2003-04-30,-0.1849022033874457,0.06225082730897741,0.010365856181879003,-0.015983291774811503,-0.025608463414326394,0.08184866783128081,0.0145886574847524,0.0380140245048771,0
2003-05-31,0.13604760415242861,0.1491241403413231,0.0713471986485865,0.048227374765716,0.1485125306013993,0.0016025644455409,0.07632226755963331,-0.022899266874627497,0
2003-06-30,0.02108864763874651,-0.14430753228907742,-0.0512211000403371,-0.06665608058863261,-0.071915963218912,-0.005217752154793701,-0.0450909444398309,0.0052805403230332,0
2003-07-31,0.0115265560717393,-0.1370489376751143,0.0219914617253981,-0.1036600415446782,0.1440393702229377,-0.1541506798272579,0.09251093255566839,0.1164899267696705,0
2003-08-31,0.0331700027794139,0.0027516156635273986,0.0597601738455906,0.1242346709378713,0.053085088452312405,0.110978507962049,-0.0215591965833839,-0.0021507487027552963,0
2003-09-30,-0.07803859329566451,0.020709871015470196,0.0252246690009007,-0.05734757491116389,-0.0199250837732598,0.12947907541957399,0.019118682864427597,0.006438418495036893,0
2003-10-31,-0.003086951516703497,0.012959144642504902,-0.0020779228255867047,0.1156367056865325,0.02535250550862541,0.1593577921844207,0.1368094592153736,-0.015087971143051103,0
2003-11-30,0.043689743931741305,0.006518662317065507,0.031228542256038792,-0.009141759958094308,0.06483448545489169,-0.0490262638045742,-0.0341404059114268,0.0556765661990655,0
2003-12-31,0.0670837829903366,0.2284492481331723,0.0474932405781768,0.004073325387635303,-0.04474003839513699,0.0423943115008223,0.1421080687535514,0.10787835165016689,0
2004-01-31,0.016166281618085098,-0.1369302791207187,-0.03397613865034341,0.11597471689959979,0.031334156170435404,0.037928077338010395,0.0913459830248618,0.046672408198430895,0
2004-02-29,0.0899319692262803,0.0035142919734680892,-0.013517101927833505,0.06989743961737871,-0.02143635184317469,0.139841521138281,0.1590646946296872,0.0689288694388639,0
2004-03-31,-0.011123585218662508,0.0911724516665322,0.0740539672392608,0.0771173033444308,0.0691241826288905,0.0542068178364265,0.012578782206860003,0.1710324668015045,0
2004-04-30,0.0443058517221035,-0.012039144987805497,-0.0977704938565777,-0.010997754209540696,-0.06715632367964999,0.03844731790978139,-0.1172776486800154,-0.267867105494078,0
2004-05-31,0.06473914306622079,0.0943482086203064,0.016635060504532,-0.0402955401780092,-0.0524666388987397,-0.2392296890658341,0.054697992027777406,0.005251078688902698,0
2004-06-30,-0.0736065933515419,-0.04557429127259009,-0.0025412974286728052,-0.16600798130243039,-0.0685983163427527,0.0926262148739587,-0.058425476153104096,-0.0562153715929789,0
2004-07-31,0.1673654656403046,-0.007010707772197495,-0.005102051883895299,-0.16997095595828932,-0.0792417464773318,-0.3984906064089295,0.0820196860923888,0.12727920136547188,0
2004-08-31,-0.039111130116625606,-0.1861245906871293,0.0496423159039983,0.047199771994566,-0.0080386284964357,0.045249210778963,-0.020858230120409597,0.0316581835475103,0
2004-09-30,0.1642742730706313,0.2920575864260171,0.0188047971357336,-0.1028025022037772,-0.009732436918230503,-0.174144636705169,0.0859699814255834,0.0243647620440495,0
2004-10-31,0.04182068985623809,0.25000542048538343,0.0252342124195824,-0.0147061473896953,0.0312901579932107,0.0009483168088595998,-0.04280880455215641,0.051545496655104696,0
2004-11-30,-0.052147804012087906,-0.1354160983899358,0.0497434213882747,-0.0506437328187549,-0.0883047593643701,0.013650482612293301,0.075922080003709,0.0556438443844643,0
2004-12-31,-0.1228589944691557,-0.2144869027272217,-0.029000571199148995,0.06169356900533981,0.059456605026711296,0.0240196305130605,0.0065619299521948995,-0.1218538506554701,0
2005-01-31,0.1037481693451532,0.027587956518828997,-0.0386004675891312,-0.0385859939951904,-0.055151820075079405,-0.062137632567676404,-0.012121360532345003,-0.013251077286368498,0
2005-02-28,0.0710654110889234,0.06269772016647508,0.0367739830630966,0.08510600963008291,0.147501227916372,0.17875359971660912,0.0443002588965802,0.08682609229917361,0
2005-03-31,0.0681551616077595,0.1285225841711473,-0.0205478775038401,-0.007017572658645811,-0.0187061197108021,0.01930872538142999,0.0016652793190608025,-0.0246246708843288,0
2005-04-30,-0.10817232711072741,-0.1503033926325394,0.0171142012447889,-0.0395024429762464,-0.0400669925968858,-0.0132346026364694,-0.0063428688701719985,-0.03934328333879439,0
2005-05-31,0.044259362377839805,-0.031782989935426206,-0.0464654206477907,0.08088765913910011,0.04233029043214081,0.09395130929388601,-0.0247512211397014,0.0765263530180032,0
2005-06-30,0.083574009132045,0.090180827728446,0.048755847668338896,-0.0449125566808223,-0.0313841295346433,-0.042799324849744094,0.06447415243361261,-0.058580282414490904,0
2005-07-31,0.0695590828404605,0.1217700474267371,-0.0166093783670326,0.1081833827405312,0.019253578966135304,0.0302251946819894,0.0569259367960091,0.0327531026672933,0
2005-08-31,0.12943684009586282,0.3749470634422623,0.012023266224398201,-0.1601588265452497,-0.08348110647656849,-0.1352874127644679,0.0302463541854388,-0.0685306892904388,0
2005-09-30,-0.0399520510117149,0.1934892075491659,0.0750268787196445,0.01965665254955179,0.13839104133430752,-0.0232769129931193,0.0189925358272744,0.1023771582042567,0
2005-10-31,-0.10294796925244161,-0.13155278756150668,-0.004487666469388097,-0.0460566772737718,-0.0882592836242676,-0.014938766389900797,0.0472039022415885,0.009011457748318505,0
2005-11-30,-0.04168693786459071,0.030818831464444807,0.057634253110425,-0.0456105112520521,-0.0418740724710582,-0.012024192966802093,0.136081974781385,0.0883297687428874,0
2005-12-31,0.0628797840162303,-0.11452110168105001,0.047961831286376905,0.14034148455307122,0.1097095973087563,0.0758984829275097,-0.016031433940188203,0.0710840811286446,0
2006-01-31,0.1068011550268906,-0.18641008160622288,0.0953276992289876,0.0138091952741872,0.0117217459331014,-0.0129573390685174,0.0873989936619995,0.10609140709676679,0
2006-02-28,-0.1007578536617843,-0.3275384534642511,-0.012161954789545197,0.0414161037167168,0.07571940849982779,-0.0238410610857569,-0.019484078083241204,-0.016832838150233002,0
2006-03-31,0.0815822382331379,0.0712740527390143,0.031249815247964996,0.034486176071169605,-0.06269462234435601,-0.0151945619196818,0.1195354838171684,0.1698990367953972,0
2006-04-30,0.0758431353409126,-0.0952408340811944,0.11774483928885321,0.009488737508701297,-0.0043227733020037,0.0271861403041573,0.3032424740290315,0.1593454967043615,0
2006-05-31,-0.008241996785821284,-0.0264332570681552,-0.01850476858058011,0.053127916838973596,0.1279200103559092,-0.013284960759215902,0.08295579501329971,-0.0813080032579637,0
2006-06-30,0.0363626344394708,-0.0448505661653516,-0.042119853235855695,-0.064737545916813,-0.0575322036996437,0.0259754864032605,-0.04558751666727638,-0.13952511775071325,0
2006-07-31,0.006337242270037896,0.2965304247444953,0.0291173985707274,0.014752638475038599,0.06764606993657271,-0.0259754864032606,0.030574724278090396,0.0483812767990137,0
2006-08-31,-0.0572532950013659,-0.3057470798494194,-0.009505774999700305,-0.029726180265200994,0.0162199438667638,-0.0664385130728223,-0.028699227803934795,0.1262490036051817,0
2006-09-30,-0.11049751325574189,-0.07339597497163189,-0.048264991685948104,0.1235137103653684,0.0921548920839851,0.009635311983671901,-0.0024532806878317,-0.1114080502876735,0
2006-10-31,-0.0687544640475099,0.2930944453642493,0.013605652055778197,0.2004109214640672,0.0864468836074365,0.1407541043773724,-0.0337969280590463,0.0613379976428662,0
2006-11-30,0.07224542284510589,0.1603131537253503,0.0639924755755629,0.1615831839522649,0.0385834660391563,0.0840319329343396,-0.0534114971489201,0.12652852709052761,0
2006-12-31,-0.033502891822821,-0.33934837235540755,-0.013853439705149698,0.034542371947530404,-0.0019940186068643975,-0.002921842838364495,-0.09954426095288771,-0.07374897017535491,0
2007-01-31,-0.04883930542598319,0.1965345139369654,0.0217062785818635,0.034627318565609105,-0.0692067523561225,0.051329870163417696,-0.1012665813132697,0.0479246582087846,0
2007-02-28,0.0608876439421582,-0.0490510564224121,0.0309575495493409,0.051262353314820513,0.014862269321240396,0.07204588523775679,0.052006087120274005,0.038313323537344804,0
2007-03-31,0.06394156357971328,0.0572345144449853,-0.014227121290131695,-0.127085428318697,-0.0800427076735364,-0.015640592541072692,0.14073189769015498,-0.0471956913362743,0
2007-04-30,-0.0024319817428252975,0.01705935041004851,0.030451665978142202,-0.0450588165565732,0.1029603773549333,-0.0439741933888472,0.1184185615754538,-0.00037181632701999785,0
2007-05-31,-0.026211799755864205,0.00911514096899321,-0.0334728163123185,0.086254572994841,0.0628635867770487,0.1014062424747228,-0.0420993406398313,0.0018577007014446006,0
2007-06-30,0.0991233262975827,-0.1583392337456052,-0.015397819273344097,-0.1692112054529795,0.11842757322300879,0.0528424813743805,0.01693718397518129,-0.0865660418675957,0
2007-07-31,0.1012348691620247,-0.08984749569567158,0.0242840890599193,-0.011446137937607587,0.0792493716541401,-0.019002947125616197,0.05492791467664711,0.0523572469296464,0
2007-08-31,-0.0547920289082235,-0.1241837056753918,0.013257064641928398,-0.005386700212625202,0.1967669819816775,0.0399583123016033,-0.06731062078702921,-0.0761132789010769,0
2007-09-30,0.0979587981861319,0.22825118737255473,0.0945296551983619,0.1408349038514867,0.2023286778410064,0.1327750582887067,0.0649781782121407,0.1431837383230265,0
2007-10-31,0.1463529585458633,0.1926993499444932,0.0682925724845381,0.006680051560373192,-0.1502534206871676,0.01873883688624711,-0.046964907886711996,0.0365369648106956,0
2007-11-30,-0.063544621904797,-0.13171517294530583,-0.016608939641675403,0.023685317741509903,0.0704769182594462,0.0670107102829609,-0.0953965641860822,-0.03345264575691159,0
2007-12-31,0.0787672138976038,0.024485497864776003,0.0689076381606683,0.169451927754313,0.020548668227387906,0.10452683490924819,-0.03743580088062671,0.06629162081555695,0
2008-01-31,-0.0450723494954195,0.0760152413325277,0.0962860541024273,0.09570926192076631,0.049059162153569404,0.0610660687886558,0.08112981544217943,0.1302165883724639,0
2008-02-29,0.1043354673144712,0.1484370883306005,0.055133316413337,0.085513997124126,0.1435669354691993,0.17747131460546112,0.1552762697984718,0.1531667133541057,0
2008-03-31,-0.002556288876052408,0.0755483180856966,-0.062202789545205195,0.03818114791504601,-0.1441050038168602,-0.2399979991989126,-0.005466628217366999,-0.1348015273140674,0
2008-04-30,0.11060368652532189,0.07088528164299737,-0.057389574266313505,0.0565461114414115,-0.1655628788327037,0.08368225282028968,0.026530854248355502,-0.0478027835059665,0
2008-05-31,0.11548884952704401,0.0763255087025841,0.0253380366549631,-0.001667361786868906,-0.033255687645917506,0.046345410242635096,-0.0870575951857415,0.021758882831462198,0
2008-06-30,0.09470322118383809,0.1318958595091978,0.045171812564595,0.1901478944872711,0.1022697296508059,0.16306883327847269,0.0772229160076503,0.032378502910743304,0
2008-07-31,-0.12071590374102008,-0.3813809297502982,-0.015633800127730496,-0.20995052178345108,-0.07346981003889211,-0.13969185137364631,-0.0619491412697884,0.021017530253386298,0
2008-08-31,-0.0720023692354957,-0.1380691113005333,-0.0948507164931385,-0.0333147832856606,-0.00575817329968391,-0.046750333090134995,-0.0654584215617481,-0.2680521354690217,0
2008-09-30,-0.1373743566806567,-0.0656890421481168,0.0504387426441968,-0.1532711722947512,-0.13623912047729453,-0.2426646867014231,-0.1749714663271998,-0.10301969252813686,0
2008-10-31,-0.3948401162563795,-0.09218251353893539,-0.19656110063723148,-0.19408275705108574,-0.23749232792792482,-0.12170819313264586,-0.45367364222131,-0.2323507774826703,1
2008-11-30,-0.219794204249642,-0.041080025743465004,0.1279113411797229,-0.1387039717129514,0.011587615172387987,-0.046738770662305903,-0.1191850568479651,0.04570215348085568,1
2008-12-31,-0.19918161342008972,-0.14665198373613747,0.0801369486099836,0.1523096237687298,0.1184996247232344,0.09628777243189729,-0.14099460817068662,0.1034441002411974,1
2009-01-31,-0.067712461580907,-0.24122673986995058,0.04748076622449121,-0.0712769803601683,-0.07256629141669789,0.007939598628760194,0.040651767266461025,0.10655502107558829,1
2009-02-28,0.07129348599861338,-0.0508525112159482,0.016258781515985896,-0.077462486099856,-0.10673078111643129,-0.1139002772059602,0.0384084612057277,0.040551364986553894,1
2009-03-31,0.1038848966362962,-0.1059429731151871,-0.021340148198445597,0.1431958735751747,0.0426616333740067,0.08491274033270771,0.1895583051923282,-0.007671690867397602,1
2009-04-30,0.028976029989258894,-0.1128626922037411,-0.034626901950700395,-0.021224267366254705,-0.01608360119669681,0.1168488926645865,0.107093899982203,-0.053789161271692795,1
2009-05-31,0.2601649053114967,0.12836687873970626,0.09375846239549579,0.09617014832514631,0.1951933734741951,0.1012398879879987,0.06801821254039842,0.2379060506843211,1
2009-06-30,0.052581862108261615,2.0469737016526324e-16,-0.053942359611155996,-0.2267316427130843,-0.22030333589921242,0.035062195435621994,0.027159115150275394,-0.139755536245774,0
2009-07-31,-0.00631550828868499,-0.04862068700607351,0.0279641846275066,-0.024009883804801596,0.032710949139154594,-0.078209526591876,0.1500298384171589,0.026606207050811105,0
2009-08-31,0.007316580950048494,-0.20463266577950598,-0.0015740598244481981,-0.0398099883618475,-0.1147115624797485,-0.030441025501235713,0.0679631820189351,0.0664645704217066,0
2009-09-30,0.009248127377854513,0.48620522892391793,0.0569483518708953,0.0529776987364944,-0.029081209300841602,-0.1711118932206063,0.0039097259684108925,0.1116636057590644,0
2009-10-31,0.0866336443254282,0.04127634284801528,0.0316370849431821,0.0619916760279679,0.0772645773351506,0.0535561044689629,0.04728562915031191,-0.024490027757280392,0
2009-11-30,0.0036297680505787983,-0.03983140503855901,0.1268409530433045,0.0956826886557184,0.1381992873048317,0.080986103969919,0.0632583076643728,0.1290998715285486,0
2009-12-31,0.026559273072355002,0.1391878071505461,-0.07459655400578591,0.028756952518265294,-0.046897682914512906,-0.019760195381715993,0.06098887461189969,-0.0934465484259013,0
2010-01-31,-0.0850430075824958,-0.08245348395773161,-0.012114685611025197,-0.1507387347209988,-0.13313574474596782,-0.1289050071688712,-0.09195409655583689,-0.0396601091689721,0
2010-02-28,0.0888161223593758,-0.0639799816388555,0.032611091812684706,0.058559955765236996,0.06631700199366089,0.0396834910912405,0.068370237067924,0.018966613216990807,0
2010-03-31,0.05018798880878321,-0.218324514602596,-0.005017482079013596,-0.0913497785882273,-0.1171662466403453,-0.010570922960011706,0.0836018692141654,0.06032511172712371,0
2010-04-30,0.028134396411656895,0.013095578083995196,0.05877890517840189,0.05977174329991681,0.08761238022077569,0.0502566254572403,-0.0627110095584451,0.0600673111281675,0
2010-05-31,-0.1524303573741618,0.10201308251508528,0.026329407604120603,-0.019993771842998696,-0.07164727371454829,-0.053716376080623206,-0.0723693519035572,-0.010207201195782898,0
2010-06-30,0.022193424268161704,0.06142379288834179,0.027421269787632603,-0.013319509917488814,0.015176443046933594,0.0113984004130724,-0.0558045610705414,0.013425915417154904,0
2010-07-31,0.0429617108337138,0.06438957157026531,-0.05290408065984747,0.10317039856494081,0.3530103569534568,0.1040417761814666,0.1203531481906274,-0.036433107307713104,0
2010-08-31,-0.0932603505382857,-0.2547153471900231,0.05538915148060704,0.07773872861567169,-0.013698844358161509,-0.043200116925222,0.014837289800071896,0.07463155729586521,0
2010-09-30,0.1060971741804326,0.014568415828290708,0.0460031050015982,0.1551597616485024,0.0324189717154584,0.0934596229809361,0.0828994933350587,0.11770284089764041,0
2010-10-31,0.018092191135241797,0.04197835047631509,0.03737209879284094,0.1603986803315333,0.0621943439491666,0.1023290448839062,0.0222080894155915,0.11840914759816071,0
2010-11-30,0.032381710495306,0.0345617266460191,0.019981704701421795,-0.0935934411852705,-0.0980675505327132,0.013770975014554591,0.0236893232206562,0.1375079650663851,0
2010-12-31,0.082901170160779,0.05242901285147762,0.0259421617713556,0.17125425015427329,0.2000413688208649,0.11447014369771749,0.1511942568142831,0.0931629570486088,0
2011-01-31,0.008825028675377503,0.0033994367014639967,-0.06361029019458911,0.047350715456928094,0.05689607747075331,0.013717147476099003,0.0025826750642373997,-0.09373079608150531,0
2011-02-28,0.050549987505952215,-0.0906378542188028,0.0554867686731089,0.09123544782921861,-0.07180042820607119,-0.04025450989896721,0.004364131583765998,0.1823570561815938,0
2011-03-31,0.09580692985085788,0.0835995688352929,0.020360152898055796,-0.0413267354906999,-0.024908290799320408,0.03830639983452461,-0.0388188287566148,0.1140553005793043,0
2011-04-30,0.06537564254271062,0.0680354755306245,0.0784965293410268,0.08400168351206888,0.007830382587164002,-0.012486783719160604,-0.033521372987120795,0.24865981933373302,0
2011-05-31,-0.10377210777551119,-0.0068347126374828995,-0.013258933688816602,-0.008658062743115204,0.01675836834684049,-0.0120994704076356,0.0028766650545845947,-0.2377138226264896,0
2011-06-30,-0.0735239168465524,-0.0646242513446621,-0.0217864937217693,-0.1726030485644,-0.2909899770847033,-0.052020302780168004,0.022369120170482103,-0.09561828104151732,0
2011-07-31,0.0029300983709479034,-0.053775133667317496,0.08020649107036079,0.0564073811347255,0.13981770601170568,0.0360873588248871,0.0474293313976019,0.1415637941275742,0
2011-08-31,-0.07471904218849519,-0.022198740557449706,0.1163968542270781,0.12948489954835699,0.10271762108218639,0.0676258677826737,-0.06752694601848959,0.0389511986470215,0
2011-09-30,-0.11452295745003309,-0.100602898612295,-0.1212603476687171,-0.2456726643742371,-0.2014910400528644,-0.2062070417833106,-0.2839473150413732,-0.3265169195507799,0
2011-10-31,0.1626641209771839,0.07055557054935412,0.0626699534451526,0.0879954214916144,0.0307094839183854,0.023885484989356106,0.14174628874341422,0.1327582320637501,0
2011-11-30,0.074123301700657,-0.1027091164795426,0.011698061771402202,-0.0733354730809298,-0.053117060444849394,-0.0652288905125911,-0.019180574115347696,-0.04839581915900691,0
2011-12-31,-0.015362519110130006,-0.1720087201855232,-0.10800572475341369,0.0725623767919408,0.0913730916003865,0.0577475588603025,-0.03629488250169009,-0.15915846229350292,0
2012-01-31,-0.0035477205118936,-0.1774488708521636,0.1035846226134295,-0.011668743834377701,0.0200954629611507,0.00041710115307489956,0.0980580149723259,0.1752514254856245,0
2012-02-29,0.08362934429398,0.044156421145315095,-0.0153666298217,0.0270182393653156,-0.0026310859004661977,0.09120745409808019,0.021017678568296,0.038946627594080976,0
2012-03-31,-0.0385596820327391,-0.207404153675196,-0.024848938722064305,-0.019223967638496597,-0.0052830311555243925,0.0659174709768659,-0.011825230384131896,-0.06261457142186559,0
2012-04-30,0.017798343708874707,0.07212374442641209,-0.003059849395012597,0.024919825072887893,-0.019870734042178997,0.06885030965051331,0.002219756738313004,-0.04808391196188749,0
2012-05-31,-0.1922303132276658,0.05822762078473239,-0.0629934269036849,-0.1732000884027051,-0.006194367464273107,-0.1147934968080172,-0.1302016835481809,-0.1091756878238304,0
2012-06-30,-0.0183106171250193,0.15356067450009497,0.026274089370179395,0.1915836487014572,0.137987468970255,0.1212595725574735,0.0363251957457052,-0.006397188269290102,0
2012-07-31,0.03583784283397929,0.1278050424967239,0.0039194998384300015,0.1817017860892692,0.1839553139529344,0.1289763307091085,-0.020992446598368505,0.0120374827212969,0
2012-08-31,0.0912136788548536,-0.13669715159440318,0.0453988997107202,-0.004660564595640805,-0.0207600232525067,0.024961846903785598,0.010623690108519504,0.1167236671161343,0
2012-09-30,-0.045380414371958604,0.17070257239508038,0.0496572329806122,-0.0596713236245712,0.0366754785584062,-0.0972389301186102,0.0843539212667862,0.09733669893918158,0
2012-10-31,-0.0667175576498156,0.10620353371220821,-0.029799924415138603,-0.0006613756854843937,-0.0430173850836899,-0.0343108624236484,-0.0661363909848659,-0.067626257524306,0
2012-11-30,0.030490514972359998,-0.036126912344965095,-0.004781350216845097,-0.010307655685089602,-0.023110579528946597,-0.0725428905369731,0.031344387736351204,0.027107886975327206,0
2012-12-31,0.0322055166880287,-0.06078259554046721,-0.020728884651417197,-0.0688257731491911,-0.0823142014160073,-0.013998478806379399,0.006316966899959302,-0.0939347858923453,0
2013-01-31,0.059919669820104,-0.0035874477936558066,-0.009111680351254899,0.058748428882566796,0.0019261643194399998,0.0344652694089616,0.0215324183423802,0.0365105997963922,0
2013-02-28,-0.057417900962093205,0.0430835861363115,-0.050957391073843804,-0.028769107380430897,-0.0965617645058223,0.003907914241938794,-0.0563548782402651,-0.09903309116743989,0
2013-03-31,0.05474739814247839,0.1435214856996088,0.010526744753112818,-0.0342850332133485,-0.028665524187325292,-0.0482900348883062,-0.036225910771161995,-0.002538877910906798,0
2013-04-30,-0.039545768549286,0.07628892075524651,-0.08005838374323221,-0.017410668305896698,0.048253418738360296,0.0438712649519873,-0.0651265834891253,-0.159638293392996,0
2013-05-31,-0.0160711003576733,-0.08627901383033301,-0.055517449255521406,-0.031595268871169015,-0.0227720472501751,0.028379034864674493,0.032410244150754504,-0.08200854965390009,0
2013-06-30,0.0487021398746693,-0.1111222858560925,-0.1292934475168232,0.025723692369448804,-0.08424476753636989,0.035456633299966796,-0.0763416430255288,-0.1341288697470378,0
2013-07-31,0.08408144684540791,-0.03394991576052111,0.0699784660953237,-0.3083831525549385,0.0239965808834244,-0.129840090326643,0.022046605374270396,0.0090586356031023,0
2013-08-31,0.0246392001756879,0.03842795291055779,0.0616102054961046,-0.008048333182828292,-0.03212513347806909,0.0357436191896269,0.033580833263695195,0.1784675940599268,0
2013-09-30,-0.0506823387117084,-0.0058815461523565,-0.0509238330052565,-0.114379742524676,0.053351028113070104,-0.10446360214984729,0.0299350391247213,-0.07774385608642552,0
2013-10-31,-0.059904173886477,0.005881546152356499,-0.002113048858069299,-0.030470882839784802,-0.0163450890005194,-0.001950839479414,-0.006794017225768899,0.0072977948670273005,0
2013-11-30,-0.0387145121806904,0.09908563373212939,-0.0568074095865272,-0.030826388710825003,-0.018904154639152904,0.0429988852363135,-0.0214370481306054,-0.09019682905018941,0
2013-12-31,0.059659836406335695,0.0674742683097615,-0.039387047152334,0.0161245655426078,-0.0789936398170829,-0.0181205411131947,0.050108565633136,-0.03105634459909099,0
2014-01-31,-0.009494226796651795,0.15577044126663542,0.030955632527862695,0.028039220064392897,-0.08532304297386209,-0.0229275046437049,-0.0605326195715147,-0.012990569795648997,0
2014-02-28,0.050990653458440505,-0.06996152058645061,0.0636511022579864,0.052732350615170495,0.0749430452711433,0.09759314440119089,0.0128973895631305,0.1034549355023037,0
2014-03-31,-0.009893796726522502,-0.053019097857193304,-0.029330317450297905,0.09282323497615319,0.15188242839214872,0.0345730602979914,-0.0680338925605953,-0.0709350910826808,0
2014-04-30,-0.018279865255122502,0.0967442293689111,0.009692628124953397,0.0236231457634367,0.022337393906697693,0.0445853958368074,0.0013212223226677002,-0.0325721470426115,0
2014-05-31,0.029342683059736502,-0.058368601566722404,-0.03958809292157964,-0.09857425597346739,-0.1281362351677634,-0.024802858745649,0.030556578548581,-0.0231221115496094,0
2014-06-30,0.025568482433723356,-0.017994487537239007,0.05952839989184212,-0.0933261053673621,-0.1049620298984191,-0.0641256369122516,0.0204395929764809,0.11729522206288609,0
2014-07-31,-0.07077729590700571,-0.1496402067823594,-0.0312705538961005,-0.1725871223346965,-0.0630345619033211,-0.13429671830794102,0.0133979259143922,-0.02873275231181906,0
2014-08-31,-0.022769231732936396,0.056680993636005796,0.004050165206268597,0.005586606708639903,0.037024126961779494,-0.1168137220075477,-0.0301625127574771,-0.0509529952303734,0
2014-09-30,-0.0513152335940103,0.013682109356906398,-0.0608918553436861,-0.1126603849925326,-0.1412851372861882,-0.1764644887092826,-0.0415200052181872,-0.1286092913126153,0
2014-10-31,-0.1238622489541753,-0.06206645182406491,-0.032663161424534404,0.1609198340108589,0.108495314463198,0.136196876210662,0.013048331136874997,-0.0573688032853827,0
2014-11-30,-0.1968290648623428,0.0540264523687877,0.003068009906089301,-0.0026578088735211896,0.08069255065102401,-0.029577913747626593,-0.0633358751718107,-0.039061778807731096,0
2014-12-31,-0.21655156963205682,-0.3471454314173048,0.0075446464772438,0.055012252054107,0.021423270053179296,0.0031937135609349,-0.012136284744000107,0.007076715071110108,0
2015-01-31,-0.09918476850997729,-0.0709975497393293,0.07670452339432979,-0.07043327504892069,-0.1596056896350222,-0.0588479327290698,-0.12459703176880599,0.09816758232869661,0
2015-02-28,0.0310228960119941,0.015852866556989184,-0.052508448954367404,0.038440783307429005,0.0289164964867627,0.07006756261671661,0.085071901377495,-0.0412264424845773,0
2015-03-31,-0.0443786871935497,-0.0349868211435325,-0.025040954517255996,-0.021689972882614005,-0.011173300598125688,-0.0574009850964435,0.008797710703529195,0.005134256695405307,0
2015-04-30,0.2253260418976392,0.0411855647842124,-0.0005918410656801966,-0.0372293417683556,-0.0915069668725008,0.005379800345565396,0.0520867751188724,-0.0289733609213371,0
2015-05-31,0.011173300598125602,-0.040428275842303504,0.005902707078556273,-0.030814763044009395,0.02118723321944401,-0.0465443486072873,-0.0564759555376354,0.035159752614560794,0
2015-06-30,-0.013860120014637305,0.0694469697313397,-0.0149079501618052,0.1636562625745943,0.2536991902079602,0.1230037404425407,-0.0390594358365862,-0.0713436526302793,0
2015-07-31,-0.2327744443751704,-0.041822966135023704,-0.0678779932313084,-0.1096639112178792,-0.2081087088003774,-0.0741625935817215,-0.1043657328934752,-0.05322090297196071,0
2015-08-31,0.0431960841549311,-0.009990832409722305,0.0333229448837489,-0.01973524412173249,-0.0341260515168835,-0.0887044647272278,-0.010847708201276993,-0.011459098175364212,0
2015-09-30,-0.0872331310652696,-0.0633244326077608,-0.014683244890541,0.0638939835709456,0.0608074761734496,-0.006146987782424097,0.0012823254588969005,-0.0040556852292266965,0
2015-10-31,0.0327254333957129,-0.0838468173866669,0.022952844230021106,-0.014285957247476999,0.017879190930148905,-0.009291915369226597,-0.010089170050900601,0.06976403019106299,0
2015-11-30,-0.11208455721585349,-0.0377568992267679,-0.06852988823992645,-0.0461774912266798,-0.126441098399498,-0.0031165912746031043,-0.1253357576353129,-0.10253089327395662,0
2015-12-31,-0.1173029588348733,0.04462682749118908,-0.005268121308975183,-0.017271586508660303,0.0215062052209634,-0.011128663861446404,0.0433133858580275,-0.017736435938313658,0
2016-01-31,-0.0968772817975087,-0.016828876130157204,0.0516516531084613,0.0362680871993147,0.0194896872216491,0.012546500480645399,-0.0323683659809564,0.0313795981110074,0
2016-02-29,0.003859289338069595,-0.2949611845165073,0.10047579938678329,-0.051010368936518,-0.0741480997595131,-0.0337159150637,0.0293192255864386,0.0448271625822621,1
2016-03-31,0.1275133202989598,0.1353561440523471,-0.00016203516198469957,-0.005673774085908502,0.0620776304598922,0.0655088883969931,0.025282571281737002,0.0374220213713182,1
2016-04-30,0.1804070143938124,0.1059728855483652,0.0446067532717022,0.1045778481448212,0.009458819865323702,0.11426938227599209,0.0430366726957402,0.1400655468371027,1
2016-05-31,0.0669582827891636,0.049271049006782905,-0.060450285987075005,0.0364820331622031,-0.0286491742375637,0.0547886476645456,-0.08394456188055789,-0.1063666368334351,0
2016-06-30,-0.01580654894348211,0.2452744683699804,0.08350672458887741,-0.12064382548391339,-0.07427358990832271,0.0856969607490489,0.04616204176316249,0.1499797183094221,0
2016-07-31,-0.1499523185897747,-0.016552102028732103,0.0212773984472844,-0.0699888875055474,-0.056033726844447,-0.1292851017430716,0.0122284132476744,0.0907401106546451,0
2016-08-31,0.07187333435230531,0.0038174608219977042,-0.030940779712649198,-0.1038668634010429,-0.121776283168242,-0.072805040373305,-0.0708756111871756,-0.0885898034074279,0
2016-09-30,0.07621505079940641,0.006559664467293388,0.004120256096007998,0.110570799123233,0.1075741302861402,-0.006269613013595299,0.0659117020775105,0.0312955025212089,0
2016-10-31,-0.029024119339280292,0.040464050218073,-0.031088182523514998,0.0520725007496778,0.034833952675632406,0.049339080074329196,-0.002491225385351197,-0.076665467043751,0
2016-11-30,0.0535953800697856,0.10231556725367211,-0.0837675952498684,-0.0520725007496781,-0.0897998639929125,0.0294934132435837,0.1730191641316405,-0.0813265913632371,0
2016-12-31,0.0830255585056011,0.10524117679498411,-0.016448164142868704,0.04429036030762299,0.06978099710242071,-0.0352470251133504,-0.045258357612807804,-0.0257461357772747,0
2017-01-31,-0.01708480493619501,-0.177927358629621,0.0482235532525957,0.021778170169380107,0.0307716586667537,0.027710828026105704,0.08489712330744659,0.09275402414376388,0
2017-02-28,0.0224686478859575,-0.11658067889256009,0.036796029269035,0.0192710712556136,0.009461927481126602,0.0004879238935542995,-0.008653280544371195,0.0487820208801131,0
2017-03-31,-0.0652176383113794,0.1397305949041128,-0.005277479064828983,-0.0068399719477762015,0.004111606379692394,-0.0802053225206302,-0.019229566674716703,-0.008943237707441404,0
2017-04-30,-0.025419161047773302,0.026602249194069793,0.01669620594172,-0.0173074586746136,-0.0189354770022038,-0.0007931262808352975,-0.021338207203764805,-0.0601078020603632,0
2017-05-31,-0.020686861619087303,-0.06461992453213741,0.002913043826684002,0.038360867872445595,0.0253626098480551,-0.0314330780969126,-0.006374985368710603,0.0124289833079656,0
2017-06-30,-0.048334969772877906,-0.011791816947223706,-0.023625964680436595,-0.004040409537005102,0.1743300904261191,0.0282542674731149,0.045091935102340996,-0.0493418502740385,0
2017-07-31,0.0859066546424793,-0.0827371636766911,0.019371644862698403,0.0006745362819004994,-0.0741079721537217,0.0539694661467819,0.06889406458026791,0.013072081567352201,0
2017-08-31,-0.06038795458813579,0.0843832545833603,0.04015858171101147,-0.0799865168494837,-0.1454948880797821,-0.060357563462598296,0.0628294703262271,0.0405121645667537,0
2017-09-30,0.08984805839106749,-0.010914611411738197,-0.028463459989215796,0.0372803028086517,0.0885843825150418,0.033607783563432594,-0.041106218084301704,-0.047086810208838606,0
2017-10-31,0.051119096905231,-0.03761242948292189,-0.008620743043907201,-0.0271057964323415,-0.0686742225557115,0.005664278790096198,0.0482259892602504,0.0010189098547009993,0
2017-11-30,0.054047864121196096,0.0435806169593351,0.0021228926477191,-0.011636494940808503,-0.022350673678285797,0.012248175572779303,-0.020854454054700097,-0.0188062987798409,0
2017-12-31,0.051275872633005204,-0.0240894887210192,0.027959226825769498,0.0259942433785108,0.0424577969773809,-0.0351003774951296,0.0832037860830762,0.0455234148214731,0
2018-01-31,0.0689045965988924,0.014122628805627008,0.022430423457464196,0.030188322616249,0.0563449162437127,0.045193826799146596,-0.0323304020384883,0.0055836822788302995,0
2018-02-28,-0.048913762105503605,-0.1159899863675351,-0.0158835060413284,0.0353297613584542,0.06998850185848329,0.048275942337157804,-0.02792502570547041,-0.05465385065015461,0
2018-03-31,0.052152756222784195,0.024445661746053806,0.0037111414577941067,0.0347689990993742,-0.0716500918281424,-0.0002392630708864009,-0.026742177322489995,-0.0034364294985808033,0
2018-04-30,0.05439135462157331,0.010917138995348092,-0.002725209862248299,0.012175735165814702,0.1278333715098845,-0.006722714394876402,0.008884559922483696,0.002701045227175596,0
2018-05-31,-0.022565665122445296,0.06616586079694681,-0.0145843076772657,0.0038143720754711943,0.026475673984027403,-0.018723951266287807,0.0040866423854515966,0.008910647911366896,0
2018-06-30,0.100800612410113,-0.009530364850693805,-0.0357040977616455,-0.1177037240808171,-0.05618082839794329,-0.17089955532932982,-0.037903473427372096,-0.021743992846030402,0
2018-07-31,-0.07546788806929261,-0.0497824483862809,-0.024858030814854347,0.0609184863470013,0.10711776476069788,0.051366093135443505,-0.04133748938907961,-0.0344284390046646,0
2018-08-31,0.0150118292536775,0.0470427206451608,-0.0182250539817526,-0.0587794480982526,-0.06577329368976301,-0.0815191313061313,-0.0666243962817898,-0.0747756296158565,0
2018-09-30,0.0482442381288502,0.0310625919411815,-0.008440984471072898,0.014846508116994804,-0.018492011119059397,0.0148945261717923,0.05722132868472671,0.018799867585050898,0
2018-10-31,-0.1147330839826113,0.0807584907195887,0.0195310592358514,0.0194585708675323,-0.0168404177952476,-0.007717461871429496,-0.053453426713776696,-0.029663484175101795,0
2018-11-30,-0.2486930230180518,0.34662770559963046,0.004270702943103902,0.008907218876313096,0.030014553196085703,0.0643336431789291,0.0436011302707653,-0.013250828222087395,0
2018-12-31,-0.11471979578665391,-0.4502520210562222,0.0488604077977777,0.022927504643704497,-0.02453508743145981,-0.0137855608386835,-0.0541872404734922,0.0976681700346706,0
2019-01-31,0.1693552311752913,-0.043802622658393,0.029529250507252996,0.003992021269537601,0.025988224039791796,0.0364384631928941,0.056704321989430595,0.0336612825731316,0
2019-02-28,0.061815911336812704,-0.0007109847437791993,-0.0027316201825058847,-0.0392738354141764,-0.1322875254197121,-0.019584131637912297,0.057736846304142,-0.0337899909844041,0
2019-03-31,0.0497716899384182,-0.0548182539754985,-0.017707718068420298,-0.0153099719714209,0.011535420414638602,-0.014873292276843298,-0.0047570595994595,-0.0279318602435809,0
2019-04-30,0.0608006661018079,-0.033228185857220094,-0.0056617826816546145,-0.0091582182897137,-0.08964629362508969,-0.0498509471266524,-0.011820266103743197,-0.0139955633332348,0
2019-05-31,-0.1777941897602294,-0.0481301878269797,0.0155125626623301,0.1896079916639874,0.1839132801702089,0.0424729340896041,-0.09444892749030061,-0.022602516484602708,0
2019-06-30,0.08883214828561761,-0.061337997642866696,0.07939450112045279,-0.015934240939899796,0.048506113606521996,0.0247551319105985,0.024507820942427597,0.0460175085509849,0
2019-07-31,0.0018795392120077997,-0.03303537578783171,0.008733064869734679,-0.048760420411901595,-0.0803189453185913,-0.040544178155084806,-0.014707516344135698,0.0728099613952689,0
2019-08-31,-0.0612436252407183,0.023020051488147203,0.065738628152441,-0.1115563654761233,-0.0767558287405797,-0.0081348502062755,-0.051174850736979104,0.10301091202588679,0
2019-09-30,-0.018870212764955596,0.019502243231441396,-0.0383491298619072,0.08047235322257329,0.09405025775281481,0.055601387445199706,0.017803463489338596,-0.0675013883625177,0
2019-10-31,0.002032333263035993,0.122255612936563,0.0329504729943847,0.0051413995004185985,0.025884969356900402,0.011795500908455497,0.022813219786245998,0.0609913797153553,0
2019-11-30,0.018107490627390498,-0.1435099372119212,-0.03301870210777378,-0.0492710490067827,0.073405724933851,-0.0446129179311475,0.001515151805010901,-0.0626989198011005,0
2019-12-31,0.10143766002239189,-0.0411691247615253,0.0384830167015921,0.04348511193973889,0.020339684237122898,0.0728443936131699,0.0570112081196893,0.054585059570562096,0
2020-01-31,-0.1691108092357452,-0.1731359162897851,0.0385108760702346,-0.0169054741350265,-0.008988824568433605,-0.0777036285568753,-0.1054796980666435,0.005064992878073875,0
2020-02-29,-0.1414312946272619,-0.0891369864308056,-0.010287111292251405,-0.0394568065949153,-0.0457248895010458,0.012528637683168801,0.011455783982036,-0.0945498648752383,0
2020-03-31,-0.7818660832724174,-0.0264756739840278,0.010602937337892096,-0.07284945075006341,0.0724525384068605,0.002825658845329599,-0.1334191780701765,-0.14634977508086988,1
2020-04-30,-0.08346653102308985,0.17262017868931698,0.06763621926011691,-0.08974973234913419,-0.07103577311675109,-0.041186526717776395,0.05501168677304729,0.0510884132708672,1
2020-05-31,0.6332686975101876,-0.052671468120436105,0.0248912620625156,0.0447308777774464,-0.017135117007327103,-0.011236073266925202,0.029921679865049202,0.2164897008151675,1
2020-06-30,0.1012099019315131,-0.054457899101272966,0.03596248902896369,0.0383938763473752,-0.0608646890364096,0.0504454774652109,0.1122016258181878,0.0022678195464642045,1
2020-07-31,0.025145906273444492,0.027043901664681205,0.0863076211268176,-0.0687818787654173,0.08082732913395489,0.0148732922768432,0.055375608216051,0.2670290756037008,1
2020-08-31,0.0564821926484573,0.3797528912212767,0.003915292419309906,0.0978960166136659,0.024175979876029596,0.05816378881346201,0.05857148595785311,0.16067754241959703,0
2020-09-30,-0.05772458316731491,-0.03995101778361585,-0.0430341155118788,0.08389797488184719,0.06016516855772099,0.0732064959254477,-0.0027990468591595,-0.1909460447373205,0
2020-10-31,-0.1166958595665707,0.2831208349949595,-0.004034618203264799,0.050171293147843396,0.0348526563256496,0.0317334319547667,0.004934220537221598,0.0064488980392278135,0
2020-11-30,0.2365211203014481,-0.1516691658236866,-0.057023872555126,0.05195179772737991,-0.030967479843481,0.1007593169228018,0.1154651568456256,-0.048168687698947506,0
2020-12-31,0.06778643899646569,-0.12671419485478874,0.0650768962079746,0.1424256107589818,0.0987900761822421,0.1183058866320036,0.028390119120532,0.15879317259035072,0
2021-01-31,0.0731064108127439,0.009798236335882005,-0.025546494008172296,0.12236389570534881,0.03452586884907429,0.0407839782112545,0.010459459312209804,0.018828144987024488,0
2021-02-28,0.1639546799238787,0.077639726822418,-0.06629758737191599,0.015419806657703898,-0.012139754550610503,0.0254044830600134,0.1410082920764475,-0.0192068324607815,0
2021-03-31,-0.03879153696987349,-0.06062462181643459,-0.0087143989576574,0.015628806617960303,-0.058146778177561406,0.0221683955056667,-0.024475881895725995,-0.07346137709483022,0
2021-04-30,0.0720533176400574,0.1167600176643485,0.030966139306819,0.27115277050056963,0.1835344132191642,0.0893287408677693,0.1142310793927827,0.052448260615545,0
2021-05-31,0.04219255534438251,0.018591037388243102,0.0734895441940034,-0.11934675763256569,-0.11249401690459179,-0.0261178798701533,0.043363971940944594,0.08027773683757229,0
2021-06-30,0.102385648805146,0.2007924684774009,-0.07128571768679871,0.0919477834444516,0.0119851621910299,-0.0540309229708472,-0.0849630413949667,-0.06828174539268411,0
2021-07-31,0.006512029524622609,0.06983270137948411,0.022879185571638296,-0.2748024095881198,0.0469091634906084,-0.024610719391987,0.04238018872601031,-0.02390274689809909,0
2021-08-31,-0.0765554438886287,0.11180368923487359,0.0017638633169753982,-0.024052963461786,0.004253817119799891,-0.08555057360919589,-0.027708869136207907,-0.06413411967882329,0
2021-09-30,0.09105428828945748,0.29297987173496437,-0.0338863594753568,0.005136597798695699,0.0261840757505427,-0.0334701953852935,-0.0641716159784376,-0.0832092350324044,0
2021-10-31,0.1077965704557065,-0.07814121570698268,0.016162196294921896,0.0570290259737623,0.0630945086879826,-0.016253994841075304,0.06600479706009879,0.0827500311169274,0
2021-11-30,-0.2333063015198782,-0.172345680033878,-0.0057905994551204,-0.0022021590049011927,0.0012932429865803938,-0.015083857124258401,-0.0208196277823901,-0.05070230054502599,0
2021-12-31,0.1279058983448446,-0.20244830054713753,0.030539267428224402,0.045256591588120496,-0.003884757232546396,0.0876444345933467,0.042447600977066,0.025458364765067597,0
2022-01-31,0.1587557080055678,0.26750672154729005,-0.0185456248079472,0.0537344757842255,-0.012402247742152588,0.11487298346196839,-0.03163668487285019,-0.0419342235291192,0
2022-02-28,0.0823873541962932,-0.10185597209874417,0.0572172174344125,0.1081521425954218,0.19806991376209349,0.09817271906333391,0.027370849935163005,0.084235082879556,0
2022-03-31,0.04653901024992016,0.2481796294755346,0.025196792612558798,0.07090263573413849,0.0807056178734839,-0.015939034755841,0.06668774550519191,0.031198230756131484,0
2022-04-30,0.04303732904117031,0.2499349274413619,-0.0194261334343781,0.0887627639516303,0.0368379255053813,0.0541241362352678,-0.0778875910676443,-0.086949887830691,0
2022-05-31,0.0910548357189496,0.1172307020328413,-0.0367610111941581,-0.08243889531473919,0.04106148679777379,-0.014743006235496903,-0.022783173930576404,-0.06047272363132641,1
2022-06-30,-0.08088606194683672,-0.4065706914159138,-0.019397868499222308,-0.0130240612067107,-0.2245813660838373,-0.004913283166224105,-0.14544027759683958,-0.06702531900655959,0
2022-07-31,-0.06989829530739662,0.4168309499854811,-0.024873838549895,-0.1880522315029404,-0.0728027921743937,-0.0229478668880319,-0.03869857193182749,-0.0041997146635534,0
2022-08-31,-0.0964769522892589,0.10357255291116471,-0.026439841208531198,0.0892063968663073,0.001546312353883297,-0.0824126487697938,-0.015510745253430002,-0.1284727346899386,0
2022-09-30,-0.1191659009216995,-0.29932698317622347,-0.032257997738203606,0.005550430530648689,0.1302038600513862,-0.09948138793947371,-0.030589601913388397,0.0694281631392271,0
2022-10-31,0.08485994703362609,-0.06266816571709909,-0.013139361324125697,0.020453598350956902,-0.043527314554497695,0.030488516452522197,-0.0110498361865849,0.0041930980247274945,0
2022-11-30,-0.0716130649956644,0.08661790856039452,0.062204477378710044,-0.0435975951678047,-0.1341387907521641,0.0434624287445826,0.0998788520885875,0.11969321154948978,0
2022-12-31,-0.003606744784212402,-0.4373534614749931,0.04490984778269261,0.024618923337915696,0.0262247200112109,0.0332945851564921,0.021486237710953995,0.10934329311725,0
2023-01-31,-0.017470437428871596,-0.511198132617383,0.0550235967954337,0.001840604237656,-0.0395995727903189,0.012266079050124197,0.10349550506982949,-0.008522066782274598,0
2023-02-28,-0.02334636564377461,0.023201188003701412,-0.0492904188431839,-0.0767992300281779,-0.0960986679192932,-0.0313712369474624,-0.030878887558017303,-0.1285334746463092,0
2023-03-31,-0.033252832872522405,-0.2261513464998074,0.07366064144634489,0.038563687925853,0.000722804512856004,-0.00033551417862130034,-0.004280043219777796,0.14037780362056143,0
2023-04-30,0.023471209396808194,0.10106100759373832,0.010515555627663703,-0.048541819006587696,-0.1220370131987872,-0.043902797965263494,-0.0569854184238954,0.0362343730305432,0
2023-05-31,-0.11384257879553561,-0.06740290560125312,-0.0172143880873213,-0.048068403041021696,-0.0302488361785777,-0.09270138371041631,-0.0579524039873226,-0.05858003208778957,0
2023-06-30,0.039734606641814205,0.2011921032750263,-0.020681877209041098,-0.015267472130788298,0.0980981969634509,0.1466209599191503,0.024578601651904404,-0.037450118948787706,0
2023-07-31,0.1437122774720122,-0.05070466255975171,0.0240369027229227,-0.14903557916048793,0.015515921490287507,-0.040164680144647705,0.0725545961258071,0.0945096033465464,0
2023-08-31,0.006579772733057399,-0.020326682584612604,-0.0161149413924066,-0.0435953472923279,-0.052024830547184105,-0.0032909010388060024,-0.0373661465004644,-0.053335558127355395,0
